Grid,Column,Row,Northness,Vege_heig_max,Soil_moist_4_final,Soil_temp_4_adj
3,A,1,-0.99756405,33,33.79756098,10.10853659
3,B,1,0.469471563,26,28.72725111,10.61342614
3,C,1,-0.984807753,28,30.65694125,11.51831569
3,D,1,-0.978147601,31,40.15329805,11.12320525
3,E,1,-0.766044443,28,39.84965486,10.7280948
3,F,1,-0.788010754,22,35.74601166,10.83298435
3,G,1,-0.5,33,46.87570179,11.03787391
3,H,1,-0.104528463,31,40.9720586,11.04276346
3,A,2,-0.529919264,28,30.50174873,10.74765301
3,B,2,0.034899497,34,35.43143887,11.05254257
3,C,2,-0.139173101,27,36.82779567,10.95743212
3,D,2,-0.173648178,30,36.89081914,10.26232168
3,E,2,-1.84E-16,29,40.78717595,10.36721123
3,F,2,-0.7193398,28,30.48353275,10.37210078
3,G,2,-0.882947593,20,39.44655622,10.17699034
3,H,2,-0.766044443,25,33.90957969,10.38187989
3,A,3,-0.374606593,27,29.63926983,10.58676944
3,B,3,-0.615661475,37,46.83562663,10.291659
3,C,3,0.994521895,37,45.36531677,10.49654855
3,D,3,0.5,34,43.86167357,10.1014381
3,E,3,0.961261696,23,46.49136371,9.706327658
3,F,3,-0.978147601,29,49.12105384,10.31121721
3,G,3,-0.5,29,42.38407731,9.916106765
3,H,3,-0.882947593,21,42.54710078,10.52099632
3,A,4,-0.5,30,31.24345759,10.62588587
3,B,4,-0.587785252,37,34.67314772,9.730775426
3,C,4,-0.743144825,32,32.40283786,10.33566498
3,D,4,-0.587785252,49,33.532528,10.04055453
3,E,4,-0.766044443,44,33.69555146,11.24544409
3,F,4,-0.961261696,34,42.19190827,11.15033364
3,G,4,-0.984807753,38,40.05493174,10.85522319
3,H,4,-0.978147601,35,30.58462187,10.56011275
3,A,5,-0.669130606,47,43.51431201,11.9650023
3,B,5,-0.951056516,30,47.94400215,12.06989185
3,C,5,-0.951056516,27,36.00702562,12.17478141
3,D,5,-0.882947593,30,28.10338242,12.07967096
3,E,5,-0.898794046,36,38.56640589,12.08456052
3,F,5,-0.951056516,31,34.62942936,12.18945007
3,G,5,-1,27,34.9591195,11.79433962
3,H,5,-0.309016994,28,37.08880963,11.39922918
3,A,6,-0.207911691,42,31.98516644,11.80411873
3,B,6,-0.559192903,37,40.98152324,11.90900828
3,C,6,0.069756474,33,38.91121338,11.41389784
3,D,6,-0.139173101,34,39.84090351,11.41878739
3,E,6,-0.5,30,30.53726032,11.52367694
3,F,6,-0.139173101,26,42.30028379,11.6285665
3,G,6,-0.406736643,32,39.69664059,12.23345605
3,H,6,0.173648178,27,40.15966406,11.73834561
3,A,7,-0.342020143,36,30.6893542,11.34323516
3,B,7,-0.342020143,40,32.81904433,11.44812471
3,C,7,-0.5,38,37.04873447,11.65301427
3,D,7,-0.882947593,25,33.77842461,11.25790382
3,E,7,-0.882947593,28,39.20811474,11.26279337
3,F,7,-0.951056516,26,38.53780488,11.56768293
3,G,7,-0.939692621,37,34.40082835,11.37257248
3,H,7,-0.848048096,32,44.23051848,11.47746203
3,A,8,-0.5,21,35.39354195,11.58235159
3,B,8,-0.406736643,30,43.42323209,11.98724114
3,C,8,-0.529919264,37,40.15292223,11.89213069
3,D,8,-0.422618262,40,31.78261236,11.39702025
3,E,8,-0.766044443,46,43.9123025,12.1019098
3,F,8,-0.309016994,31,41.1086593,11.80679936
3,G,8,-0.529919264,49,42.23834944,11.71168891
3,H,8,-0.529919264,42,36.96803958,11.91657846
3,A,9,-0.866025404,14,33.89772971,10.72146802
3,B,9,-0.978147601,31,39.79408652,10.72635757
3,C,9,-0.999390827,33,39.79044332,11.33124712
3,D,9,-0.743144825,48,30.78680012,11.33613668
3,E,9,-0.615661475,58,42.04982359,11.74102623
3,F,9,-0.173648178,47,36.51284706,12.04591578
3,G,9,0.173648178,42,34.5425372,11.95080534
3,H,9,-0.7193398,33,33.67222734,12.05569489
3,A,10,-0.669130606,18,38.10191747,12.86058445
3,B,10,-0.766044443,21,35.49827428,12.465474
3,C,10,0.913545458,28,34.02796441,12.47036355
3,D,10,-0.5,37,35.15765455,12.27525311
3,E,10,0.788010754,31,30.92067802,11.78014266
3,F,10,-1.84E-16,61,26.31703482,11.98503221
3,G,10,0.139173101,53,40.81339162,11.78992177
3,H,10,-0.438371147,18,39.07641509,11.39481132
3,A,11,-0.342020143,28,34.9727719,12.69970087
3,B,11,0.034899497,26,40.8691287,12.30459043
3,C,11,0.939692621,10,32.1654855,12.10947998
3,D,11,0.406736643,29,32.66184231,11.11436954
3,E,11,0.788010754,25,27.29153244,11.71925909
3,F,11,-0.173648178,36,30.68788925,12.12414864
3,G,11,-0.275637356,24,34.61757938,12.3290382
3,H,11,-0.766044443,28,41.51393619,11.63392775
3,A,12,0.615661475,26,29.21029299,12.3388173
3,B,12,0.7193398,NA,#VALUE!,#VALUE!
3,C,12,0.984807753,7.5,#VALUE!,#VALUE!
3,D,12,0.927183855,25,33.76603007,11.95348596
3,E,12,0.866025404,18,28.6957202,11.75837552
3,F,12,0.469471563,22,32.62541034,12.76326507
3,G,12,0.848048096,22,39.35510048,12.06815462
3,H,12,-0.173648178,31,42.61812395,12.47304418
3,A,13,0.743144825,11,21.38114742,11.97793373
3,B,13,0.939692621,NA,22.97750422,11.18282329
3,C,13,0.990268069,18,#VALUE!,#VALUE!
3,D,13,0.978147601,26,35.23688449,11.19260239
3,E,13,0.766044443,36,34.09990796,12.39749195
3,F,13,0.951056516,30,42.59626476,13.2023815
3,G,13,0.984807753,21,41.45928823,11.80727105
3,H,13,0.342020143,44,33.78897837,12.81216061
3,A,14,0.970295726,33,16.91866851,12.51705016
3,B,14,0.961261696,41,22.74835864,12.92193971
3,C,14,0.984807753,52,26.71138211,13.22682927
3,D,14,0.984807753,43,25.54107225,12.23171882
3,E,14,0.999390827,33,39.93742905,12.53660838
3,F,14,0.882947593,29,36.16711919,12.24149793
3,G,14,0.809016994,29,27.49680933,12.04638748
3,H,14,0.990268069,30,38.4598328,12.95127704
3,A,15,0.939692621,32,25.98952293,11.95616659
3,B,15,0.99756405,33,20.11921307,13.66105614
3,C,15,0.939692621,39,30.44890321,13.1659457
3,D,15,0.951056516,45,33.57859334,12.97083525
3,E,15,0.99756405,19,28.64161681,12.6757248
3,F,15,0.866025404,34,41.40464028,12.08061436
3,G,15,0.743144825,29,33.36766375,13.48550391
3,H,15,0.743144825,31,42.99735389,13.59039347
3,A,16,0.939692621,34,30.42704403,12.49528302
3,B,16,0.913545458,43,34.32340083,12.90017257
3,C,16,0.990268069,28,42.65309096,12.90506213
3,D,16,0.99756405,35,30.71611443,12.70995168
3,E,16,0.939692621,47,34.6791379,13.01484123
3,F,16,0.99756405,39,38.27549471,13.41973079
3,G,16,0.615661475,45,38.90518484,13.12462034
3,H,16,-0.069756474,39,34.63487498,12.92950989
3,A,17,-0.309016994,37,44.63123178,11.93439945
3,B,17,0.64278761,30,45.79425525,12.239289
3,C,17,0.69465837,29,49.49061206,12.74417855
3,D,17,0.866025404,36,41.48696886,13.14906811
3,E,17,0.5,42,36.58332566,12.95395766
3,F,17,0.64278761,49,37.9130158,12.45884722
3,G,17,0.069756474,44,34.1093726,12.56373677
3,H,17,0.866025404,41,43.27239607,13.06862632
3,A,18,0.984807753,37,40.96875288,12.57351588
3,B,18,0.766044443,28,46.73177635,12.67840543
3,C,18,0.866025404,36,50.16146648,13.08329498
3,D,18,-0.438371147,47,31.49115662,12.98818454
3,E,18,-0.529919264,47,38.35418009,13.09307409
3,F,18,-0.207911691,50,32.95053689,12.69796364
3,G,18,-0.406736643,38,24.21356036,13.1028532
3,H,18,0.5,39,25.90991717,13.20774275
3,A,19,0.469471563,30,35.3396073,12.61263231
3,B,19,0.939692621,18,40.80263077,12.81752186
3,C,19,0.173648178,38,34.89898757,12.82241141
3,D,19,0.406736643,42,41.96201104,12.72730097
3,E,19,-1.84E-16,38,32.42503451,12.23219052
3,F,19,0.64278761,57,44.22139132,12.23708007
3,G,19,0.5,34,41.45108145,11.94196963
3,H,19,0.766044443,32,31.94743826,12.14685918
3,A,20,0.615661475,37,47.47712839,12.75174873
3,B,20,-0.64278761,23,42.74015186,13.15663829
3,C,20,-0.587785252,27,41.269842,14.46152784
3,D,20,-0.069756474,20,28.9661988,13.4664174
3,E,20,0.64278761,34,33.09588894,14.17130695
3,F,20,-0.469471563,35,35.49224574,14.7761965
3,G,20,0.342020143,39,28.48860255,13.38108606
3,H,20,0.173648178,48,28.95162602,12.28597561
7,A,1,-0.882947593,62,51.47052846,13.79481707
7,B,1,-0.999390827,57,54.26732244,13.89911988
7,C,1,-0.978147601,52,39.36411643,13.40342269
7,D,1,-0.939692621,48,35.26091042,13.20772549
7,E,1,-0.951056516,50,39.32437107,13.5120283
7,F,1,-0.999390827,52,43.78783172,13.81633111
7,G,1,-0.961261696,48,36.05129238,15.62063392
7,H,1,-1,36,39.01475303,15.12493672
7,A,2,-0.939692621,53,45.54488035,14.52923953
7,B,2,-0.99756405,44,36.708341,14.83354234
7,C,2,-0.984807753,47,28.03846832,13.83784514
7,D,2,0.173648178,48,39.16859564,13.74214795
7,E,2,-0.951056516,42,41.46538963,13.24645076
7,F,2,-0.788010754,41,50.12885028,13.25075357
7,G,2,-0.990268069,44,43.52564427,14.35505637
7,H,2,-0.984807753,54,41.78910492,14.95935918
7,A,3,-1,49,53.35256558,14.96366199
7,B,3,-1,63,49.11602623,14.1679648
7,C,3,-0.939692621,59,33.71282022,13.6722676
7,D,3,-0.99756405,54,36.17628087,13.47657041
7,E,3,-0.866025404,55,42.73974152,13.78087322
7,F,3,-0.829037573,52,38.46986884,13.88517602
7,G,3,-1,64,42.5333295,13.78947883
7,H,3,-1,61,41.56345682,13.99378164
7,A,4,-0.939692621,54,40.76025081,14.69808445
7,B,4,-0.939692621,38,32.39037813,14.00238725
7,C,4,-0.788010754,56,43.18717211,14.10669006
7,D,4,-0.848048096,49,41.41729943,13.61099287
7,E,4,-0.927183855,41,40.24742675,13.41529567
7,F,4,-0.990268069,45,53.51088741,13.01959848
7,G,4,-1,62,53.34101473,13.12390129
7,H,4,-0.984807753,47,50.53780871,13.7282041
7,A,5,-0.64278761,42,41.20126937,14.3325069
7,B,5,-0.970295726,27,43.33139669,14.23680971
7,C,5,-0.882947593,52,47.76152401,13.64111252
7,D,5,-0.970295726,33,49.35831799,12.84541532
7,E,5,-0.984807753,44,52.82177865,13.44971813
7,F,5,-0.882947593,31,52.65190597,13.55402094
7,G,5,-1,42,50.18203329,13.75832375
7,H,5,-1,39,31.87882727,13.66262655
7,A,6,-0.951056516,31,36.77562126,13.56692936
7,B,6,-0.882947593,32,44.47241525,14.07123217
7,C,6,-0.848048096,29,49.5358759,13.57553497
7,D,6,-0.7193398,32,47.06600322,13.77983778
7,E,6,-0.939692621,36,44.62946387,13.88414059
7,F,6,-0.939692621,33,39.85959119,14.2884434
7,G,6,-0.939692621,46,43.62305185,13.9927462
7,H,6,-0.999390827,32,38.3865125,13.59704901
7,A,7,-0.848048096,28,39.68330649,13.80135182
7,B,7,-0.766044443,37,43.61343381,13.40565462
7,C,7,-0.939692621,31,54.1102278,13.00995743
7,D,7,-1,30,69.47368845,13.71426024
7,E,7,-0.766044443,51,47.0371491,14.61856305
7,F,7,-0.984807753,34,41.43394309,14.82286585
7,G,7,-1,44,53.26407041,16.22716866
7,H,7,-0.99756405,44,31.82753106,15.53147147
7,A,8,-0.939692621,31,59.12432505,14.73577428
7,B,8,-0.939692621,33,52.25445237,13.34007708
7,C,8,-0.848048096,31,59.11791302,13.44437989
7,D,8,-0.882947593,30,56.34804034,15.3486827
7,E,8,-0.882947593,61,52.74483433,14.4529855
7,F,8,-0.984807753,42,42.44162832,14.55728831
7,G,8,-1,53,45.0384223,14.56159112
7,H,8,-0.951056516,40,33.60188296,15.76589393
7,A,9,-0.99756405,36,59.43201028,15.27019673
7,B,9,-0.978147601,22,51.72880426,13.77449954
7,C,9,-0.978147601,29,48.65893158,15.57880235
7,D,9,-0.939692621,26,45.02239224,15.28310515
7,E,9,-0.939692621,21,48.95251956,14.68740796
7,F,9,-1,43,44.21598021,15.79171077
7,G,9,-1,46,38.27944087,15.79601358
7,H,9,-0.939692621,42,41.07623485,15.00031638
7,A,10,-0.882947593,31,65.97302884,11.40461919
7,B,10,-0.766044443,35,54.00315616,13.808922
7,C,10,-0.788010754,26,37.79995015,15.5132248
7,D,10,-0.766044443,23,41.73007747,15.61752761
7,E,10,-0.743144825,18,43.36020479,14.32183042
7,F,10,-0.766044443,21,47.95699877,13.42613323
7,G,10,-0.788010754,34,44.68712609,14.33043603
7,H,10,-0.866025404,39,39.25058675,13.83473884
7,A,11,-0.99756405,19,60.7140474,14.23904165
7,B,11,-0.173648178,21,62.81084139,14.14334445
7,C,11,-0.766044443,31,57.57430204,12.84764726
7,D,11,-0.882947593,27,56.93776269,13.25195007
7,E,11,-0.939692621,26,55.60122335,14.35625288
7,F,11,-0.848048096,36,41.99801733,15.26055568
7,G,11,-0.939692621,32,43.52814465,14.56485849
7,H,11,-0.939692621,37,39.25827197,14.5691613
7,A,12,-0.951056516,20,41.02173263,15.8734641
7,B,12,-0.866025404,31,54.11852661,15.67776691
7,C,12,-0.939692621,29,54.9153206,14.58206972
7,D,12,-0.866025404,29,51.34544792,13.38637253
7,E,12,-0.5,30,65.07557524,14.79067533
7,F,12,-0.766044443,31,65.07236923,14.49497814
7,G,12,-0.788010754,37,41.00249655,14.79928095
7,H,12,-0.984807753,30,39.3659572,15.00358376
7,A,13,-0.829037573,17,61.79608452,14.40788656
7,B,13,-0.951056516,23,50.32621184,14.61218937
7,C,13,-1,43,58.52300583,14.71649218
7,D,13,-0.866025404,34,45.45313315,13.22079498
7,E,13,-0.951056516,27,62.44992714,12.92509779
7,F,13,-0.939692621,33,54.38005446,14.1294006
7,G,13,-1,29,43.77684844,15.33370341
7,H,13,-1,42,44.6403091,15.03800621
7,A,14,-0.342020143,14,45.67043642,12.44230902
7,B,14,-0.766044443,16,50.4672304,14.14661183
7,C,14,-0.984807753,24,60.59735772,13.85091463
7,D,14,-0.64278761,35,47.19415171,13.85521744
7,E,14,-0.866025404,35,47.6909457,14.35952025
7,F,14,-0.939692621,26,42.45440635,15.76382306
7,G,14,-0.939692621,29,39.98453367,14.46812586
7,H,14,-0.999390827,44,36.68132766,14.57242867
7,A,15,-0.788010754,26,59.64478831,13.17673148
7,B,15,-0.99756405,6,43.60824896,13.98103428
7,C,15,-0.970295726,7,#VALUE!,16.08533709
7,D,15,-0.766044443,12,41.60183694,15.8896399
7,E,15,-0.939692621,29,50.56529759,15.69394271
7,F,15,-0.866025404,37,47.32875825,15.69824551
7,G,15,-0.961261696,38,36.82555223,15.60254832
7,H,15,-0.939692621,46,25.55567955,15.10685113
7,A,16,-0.984807753,48,61.85247354,15.61115393
7,B,16,-0.766044443,28,66.14926753,14.61545674
7,C,16,-0.939692621,25,50.74606151,16.91975955
7,D,16,-0.766044443,14,49.10952217,16.52406236
7,E,16,-0.939692621,31,46.33964949,15.82836516
7,F,16,-0.866025404,23,41.90311014,14.73266797
7,G,16,-0.970295726,45,32.43323746,14.93697078
7,H,16,-0.978147601,50,28.49669811,15.04127358
7,A,17,-0.766044443,51,35.66015877,15.24557639
7,B,17,-0.999390827,38,40.59028609,14.7498792
7,C,17,-0.994521895,30,43.85374674,14.55418201
7,D,17,-0.99756405,45,36.41720739,15.15848481
7,E,17,-0.898794046,38,33.38066805,15.56278762
7,F,17,-0.984807753,35,37.1441287,15.46709043
7,G,17,-0.990268069,41,24.57425602,15.27139324
7,H,17,-0.999390827,51,37.30438334,15.07569604
7,A,18,-0.848048096,53,31.23451066,14.57999885
7,B,18,-0.978147601,44,41.89797131,14.48430166
7,C,18,-0.994521895,39,60.82809863,14.58860446
7,D,18,-0.99756405,41,43.95822595,14.39290727
7,E,18,-0.978147601,35,48.38835328,14.69721008
7,F,18,-0.984807753,31,31.05181393,15.50151289
7,G,18,-0.951056516,96,34.48194125,15.90581569
7,H,18,-0.939692621,41,31.01206857,15.3101185
7,A,19,-0.999390827,28,51.00886256,15.61442131
7,B,19,-0.978147601,30,43.83898988,16.21872411
7,C,19,0.173648178,45,32.6691172,16.42302692
7,D,19,-0.994521895,31,47.43257785,16.22732973
7,E,19,-0.984807753,51,36.92937184,15.73163254
7,F,19,-0.961261696,44,39.85949916,15.03593534
7,G,19,-0.913545458,30,37.78962648,14.74023815
7,H,19,-0.984807753,59,31.85308713,15.14454096
7,A,20,-0.788010754,21,41.48321445,14.64884376
7,B,20,-0.939692621,43,35.98000844,15.15314657
7,C,20,-0.866025404,42,33.44346909,14.85744938
7,D,20,-0.866025404,39,29.54026308,14.66175219
7,E,20,-0.939692621,47,36.70372373,14.86605499
7,F,20,-0.990268069,51,33.43385105,14.7703578
7,G,20,-0.788010754,45,39.7973117,15.87466061
7,H,20,-0.990268069,54,30.02743902,15.87896341
6,A,1,-0.5,39,21.47154472,11.73292683
6,B,1,-0.5,43,19.70079767,12.63840313
6,C,1,-0.978147601,35,24.53005062,12.24387943
6,D,1,-0.374606593,36,23.72597024,12.44935573
6,E,1,-0.5,30,26.05522319,11.85483203
6,F,1,-0.961261696,37,23.35114281,12.16030833
6,G,1,-0.866025404,34,21.04706243,11.76578463
6,H,1,-1,42,25.37631539,12.17126093
6,A,2,-0.978147601,57,28.60556834,11.77673723
6,B,2,-0.984807753,39,32.53482129,11.68221353
6,C,2,-1,40,26.13074091,12.08768983
6,D,2,-1,29,31.22666053,12.59316613
6,E,2,-0.999390827,32,28.72258015,12.19864243
6,F,2,-0.866025404,35,30.21849977,12.00411873
6,G,2,-0.866025404,31,22.51441939,11.70959503
6,H,2,-0.990268069,44,24.04367234,12.11507133
6,A,3,-0.5,44,38.53959196,11.82054763
6,B,3,-0.866025404,47,24.60217825,12.62602393
6,C,3,-0.939692621,47,32.8314312,12.73150023
6,D,3,-0.766044443,39,29.29401749,13.23697653
6,E,3,-0.5,40,27.08993711,13.04245283
6,F,3,-0.615661475,37,29.88585673,12.94792913
6,G,3,-0.64278761,36,32.81510968,12.35340543
6,H,3,-0.99756405,46,25.14436263,12.35888173
6,A,4,-0.809016994,37,29.50694892,12.36435803
6,B,4,-0.882947593,46,21.83620187,13.16983433
6,C,4,-0.939692621,29,28.36545482,12.37531063
6,D,4,-0.829037573,42,29.06137444,12.58078693
6,E,4,-0.927183855,37,31.7906274,12.38626323
6,F,4,-0.951056516,31,28.38654702,12.59173953
6,G,4,-0.961261696,36,31.01579997,12.29721583
6,H,4,-0.961261696,35,23.11171959,12.20269213
6,A,5,-0.898794046,37,22.44097254,12.00816843
6,B,5,-0.559192903,44,27.37022549,12.51364473
6,C,5,-0.5,32,18.59947845,12.81912103
6,D,5,-0.173648178,33,33.39539807,12.32459733
6,E,5,-0.809016994,38,28.32465102,12.33007363
6,F,5,-0.788010754,31,34.02057064,12.63554993
6,G,5,-0.829037573,34,27.04982359,13.24102623
6,H,5,-0.766044443,44,26.97907655,13.14650253
6,A,6,-0.939692621,47,19.64166283,12.35197883
6,B,6,-1,42,28.47091578,12.65745513
6,C,6,-0.978147601,31,27.40016874,13.06293143
6,D,6,-0.939692621,36,29.92942169,12.96840773
6,E,6,-0.939692621,29,35.62534131,12.47388403
6,F,6,-0.939692621,33,27.95459426,12.57936033
6,G,6,-0.342020143,36,26.61718055,13.28483663
6,H,6,-0.809016994,37,25.6464335,12.89031293
6,A,7,-0.64278761,49,29.07568645,12.59578923
6,B,7,-0.69465837,45,28.10493941,12.90126553
6,C,7,-0.961261696,43,30.40085903,12.90674183
6,D,7,-0.5,33,24.66344531,12.71221813
6,E,7,-0.5,36,29.05936493,12.51769443
6,F,7,-0.615661475,44,23.52195122,13.02317073
6,G,7,-0.64278761,37,24.01787084,13.22864703
6,H,7,-1,42,30.38045713,13.23412333
6,A,8,-0.848048096,41,29.37637674,12.33959963
6,B,8,-0.990268069,37,25.43896303,12.44507593
6,C,8,-1,45,26.10154932,12.75055223
6,D,8,-0.5,41,30.53080227,12.45602853
6,E,8,-0.927183855,41,36.39338856,12.26150483
6,F,8,-0.866025404,42,26.25597484,12.66698113
6,G,8,-0.743144825,36,24.8852278,12.47245743
6,H,8,-1,41,37.31448075,13.27793373
6,A,9,-0.984807753,43,25.61040037,12.78341003
6,B,9,-0.866025404,53,28.87298665,12.48888633
6,C,9,-0.939692621,48,28.33557294,12.59436263
6,D,9,-0.766044443,46,28.33149256,12.69983893
6,E,9,-0.743144825,41,26.36074551,12.90531523
6,F,9,-0.374606593,46,27.5233318,12.31079153
6,G,9,-1,38,34.05258475,12.71626783
6,H,9,-0.999390827,31,35.23183771,12.62174413
6,A,10,-0.913545458,37,31.47775732,12.42722043
6,B,10,-0.999390827,37,32.50701028,12.23269673
6,C,10,-1,46,27.16959656,12.23817303
6,D,10,-0.898794046,40,30.76551618,12.34364933
6,E,10,-0.994521895,51,40.62810247,12.24912563
6,F,10,-0.743144825,37,42.32402209,12.45460193
6,G,10,-1,57,34.21994171,12.76007823
6,H,10,-0.848048096,36,33.21586133,13.06555453
6,A,11,-0.882947593,51,32.24511428,13.17103083
6,B,11,-0.999390827,38,29.77436723,13.17650713
6,C,11,-0.927183855,48,32.57028685,13.48198343
6,D,11,-0.406736643,39,42.53287314,13.08745973
6,E,11,-0.766044443,43,40.89545943,13.49293603
6,F,11,0.559192903,36,46.92471238,12.59841233
6,G,11,0.961261696,31,41.35396533,11.90388863
6,H,11,0.342020143,33,34.91655162,12.50936493
6,A,12,-1.84E-16,46,33.64580457,13.51484123
6,B,12,-0.438371147,47,31.87505752,12.72031753
6,C,12,-0.207911691,43,45.77097714,12.92579383
6,D,12,-0.374606593,48,57.06689676,12.73127013
6,E,12,-0.034899497,47,38.56281638,12.13674643
6,F,12,-0.669130606,48,40.858736,11.94222273
6,G,12,0.829037573,36,55.72132229,11.64769903
6,H,12,-0.978147601,30,46.41724191,9.553175334
6,A,13,-0.342020143,57,32.34649486,13.15865163
6,B,13,-1.84E-16,54,40.20908115,12.96412793
6,C,13,-1.84E-16,38,47.87166743,13.86960423
6,D,13,-0.034899497,37,42.96758705,13.67508053
6,E,13,0.587785252,31,62.39684001,11.68055683
6,F,13,-0.64278761,45,58.72609296,10.18603313
6,G,13,0.309016994,48,56.72201258,10.39150943
6,H,13,-0.984807753,43,55.2179322,12.59698573
6,A,14,-0.848048096,42,29.64718515,13.50246203
6,B,14,-0.927183855,43,46.70977144,13.20793833
6,C,14,-0.342020143,47,47.17235772,12.11341463
6,D,14,-0.615661475,27,63.53494401,10.41889093
6,E,14,-0.669130606,42,67.16419696,13.62436723
6,F,14,0.034899497,47,54.36011658,13.52984353
6,G,14,-0.927183855,51,32.9560362,13.03531983
6,H,14,-0.529919264,33,38.48528915,11.64079613
6,A,15,0.99756405,39,42.01454211,13.24627243
6,B,15,0.034899497,47,44.27712839,12.95174873
6,C,15,-0.034899497,32,39.87304801,13.55722503
6,D,15,0.994521895,37,60.90230097,12.16270133
6,E,15,0.587785252,39,50.06488725,11.56817763
6,F,15,0.139173101,55,40.26080687,13.37365393
6,G,15,-0.173648178,42,31.92339316,13.47913023
6,H,15,-0.994521895,43,28.95264611,13.48460653
6,A,16,-0.069756474,33,53.54856573,12.19008283
6,B,16,-0.104528463,29,43.87781868,12.29555913
6,C,16,-0.984807753,7,63.80707164,11.60103543
6,D,16,0.069756474,33,56.86965792,12.40651173
6,E,16,-0.939692621,54,41.23224421,13.21198803
6,F,16,-0.5,58,30.56149716,13.21746434
6,G,16,-0.999390827,46,25.52408345,13.02294064
6,H,16,-0.743144825,49,33.3533364,14.12841694
6,A,17,-0.951056516,29,68.84925602,10.43389324
6,B,17,-0.587785252,42,61.14517564,11.73936954
6,C,17,0.104528463,49,64.44109526,12.94484584
6,D,17,0.342020143,29,44.77034821,12.15032214
6,E,17,0.275637356,61,25.66626783,11.25579844
6,F,17,-0.809016994,47,32.66218745,12.16127474
6,G,17,-0.529919264,47,27.42477374,13.36675104
6,H,17,-0.984807753,47,32.18736002,14.47222734
6,A,18,-0.939692621,34,62.41661298,10.37770364
6,B,18,0.207911691,64,53.77919926,12.48317994
6,C,18,-0.587785252,31,64.70845222,12.58865624
6,D,18,-0.939692621,34,39.1710385,13.09413254
6,E,18,-0.5,49,19.40029146,12.99960884
6,F,18,-0.913545458,45,27.56287774,13.30508514
6,G,18,-0.999390827,52,25.92546403,13.51056144
6,H,18,-0.615661475,44,32.45471698,13.61603774
6,A,19,-0.743144825,36,60.31730327,12.02151404
6,B,19,0.615661475,30,47.64655622,13.32699034
6,C,19,-0.529919264,37,45.54247584,13.73246664
6,D,19,-0.173648178,37,34.27172879,13.03794294
6,E,19,-0.939692621,53,31.96764841,13.54341924
6,F,19,-0.898794046,36,34.06356803,13.14889554
6,G,19,-0.64278761,36,35.09282098,13.55437184
6,H,19,-0.809016994,43,29.4887406,13.55984814
6,A,20,-0.990268069,29,53.25132689,11.06532444
6,B,20,0.469471563,34,43.71391318,13.57080074
6,C,20,-0.99756405,31,24.87649946,13.67627704
6,D,20,-0.999390827,47,28.00575242,13.48175334
6,E,20,-0.984807753,43,29.98500537,13.98722964
6,F,20,-0.978147601,37,25.69759166,13.59270594
6,G,20,0.965925826,42,35.99351127,13.09818224
6,H,20,-0.241921896,42,28.65609756,13.60365854
4,A,1,0.999390827,46,33.5550813,10.81554878
4,B,1,0.927183855,39,32.7516567,10.42014496
4,C,1,0.866025404,41,37.48156542,10.42474114
4,D,1,0.990268069,38,30.31147415,10.22933732
4,E,1,0.939692621,45,35.50804955,9.833933502
4,F,1,0.978147601,35,33.03795828,9.638529682
4,G,1,0.848048096,40,40.10120034,10.44312586
4,H,1,0.984807753,38,34.8644424,10.14772204
4,A,2,0.970295726,44,43.86101779,10.05231822
4,B,2,0.951056516,52,38.45759319,10.3569144
4,C,2,0.99756405,49,36.15416858,10.66151058
4,D,2,0.984807753,42,32.88407731,10.66610676
4,E,2,0.990268069,46,37.44731937,9.370702945
4,F,2,0.990268069,44,43.9772281,9.475299126
4,G,2,0.99756405,46,30.24047016,10.17989531
4,H,2,0.951056516,37,36.63704556,10.68449149
4,A,3,0.99756405,52,30.23362095,10.68908767
4,B,3,0.866025404,43,30.09686302,10.49368385
4,C,3,0.984807753,44,33.82677174,10.29828003
4,D,3,1,33,39.25668047,10.10287621
4,E,3,0.990268069,49,45.0865892,10.40747239
4,F,3,0.848048096,50,34.31649793,10.51206857
4,G,3,0.984807753,39,35.14640666,10.41666475
4,H,3,0.898794046,38,42.94298205,10.62126093
4,A,4,0.939692621,54,27.90622411,10.12585711
4,B,4,0.994521895,52,33.86946618,10.43045329
4,C,4,0.913545458,51,40.9993749,10.73504947
4,D,4,0.99756405,42,40.66261697,10.73964565
4,E,4,0.99756405,43,37.89252569,11.04424183
4,F,4,0.961261696,42,39.18910109,10.94883801
4,G,4,0.984807753,36,36.38567648,10.15343419
4,H,4,0.69465837,44,42.14891855,10.75803037
4,A,5,1,55,44.74549394,10.36262655
4,B,5,0.999390827,54,35.908736,9.467222734
4,C,5,0.984807753,45,35.27197806,9.371818914
4,D,5,0.927183855,42,46.86855346,9.576415094
4,E,5,0.999390827,42,40.46512885,10.88101127
4,F,5,0.99756405,42,42.92837092,10.88560746
4,G,5,0.999390827,44,43.75827964,10.59020364
4,H,5,0.939692621,30,48.18818837,10.29479982
4,A,6,0.999390827,51,37.85143043,10.999396
4,B,6,0.994521895,53,49.44800583,9.803992177
4,C,6,0.978147601,44,45.51124789,10.50858836
4,D,6,1,38,49.00782329,10.01318454
4,E,6,0.984807753,46,46.30439868,10.61778072
4,F,6,0.984807753,41,39.20097408,10.3223769
4,G,6,1,48,45.79754947,10.92697308
4,H,6,0.99756405,44,41.76079153,10.93156926
4,A,7,0.999390827,54,45.19070026,10.63616544
4,B,7,0.984807753,44,43.85394232,10.44076162
4,C,7,0.961261696,37,37.11718438,10.8453578
4,D,7,0.978147601,37,40.14709311,9.749953981
4,E,7,0.984807753,37,41.54366851,9.254550161
4,F,7,1,32,38.30691057,9.859146341
4,G,7,1,43,42.2368193,10.66374252
4,H,7,0.978147601,49,38.60006136,10.6683387
4,A,8,0.994521895,44,52.32997009,9.772934883
4,B,8,0.990268069,35,52.49321215,9.377531063
4,C,8,0.99756405,29,43.18978754,9.682127243
4,D,8,0.866025404,31,39.11969627,9.786723424
4,E,8,0.990268069,31,46.149605,10.3913196
4,F,8,0.970295726,37,39.57951373,10.39591578
4,G,8,0.984807753,41,44.30942246,11.20051197
4,H,8,0.984807753,42,39.90599785,10.40510815
4,A,9,0.866025404,37,48.06923991,10.50970433
4,B,9,0.829037573,23,50.86581531,10.61430051
4,C,9,0.848048096,29,46.92905737,9.918896687
4,D,9,1,33,51.99229943,10.22349287
4,E,9,0.984807753,36,44.78887483,10.62808905
4,F,9,0.984807753,30,41.68545022,10.13268523
4,G,9,0.999390827,33.5,42.18202562,9.537281408
4,H,9,0.939692621,39,37.57860101,9.641877589
4,A,10,0.970295726,29,46.80850974,10.34647377
4,B,10,0.984807753,46,47.5717518,10.55106995
4,C,10,0.99756405,31,41.33499386,10.55566613
4,D,10,0.984807753,38,35.76490259,10.16026231
4,E,10,0.939692621,36,40.16147799,9.864858491
4,F,10,0.984807753,36,43.12472005,9.969454671
4,G,10,1,35,41.15462878,10.17405085
4,H,10,0.970295726,39,41.81787084,10.17864703
4,A,11,0.99756405,31,39.6811129,9.983243212
4,B,11,1,29,45.71102163,10.58783939
4,C,11,0.927183855,30,37.90759702,10.79243557
4,D,11,0.999390827,28,45.90417242,10.69703175
4,E,11,0.669130606,32,42.93408115,9.801627934
4,F,11,0.990268069,26,44.59732321,10.00622411
4,G,11,1,32,40.12723194,9.910820295
4,H,11,0.978147601,35,37.190474,9.815416475
4,A,12,0.990268069,29,42.58704939,10.42001266
4,B,12,0.990268069,34.5,45.38362479,11.02460884
4,C,12,0.984807753,32,42.71353352,10.92920502
4,D,12,0.927183855,31,47.17677558,10.9338012
4,E,12,0.984807753,24,48.94001764,11.03839738
4,F,12,0.984807753,28,46.0032597,11.14299356
4,G,12,0.994521895,31,46.43316843,11.04758974
4,H,12,0.978147601,35,48.76307716,10.85218592
4,A,13,0.898794046,42,39.45965255,9.856782098
4,B,13,0.984807753,33,41.55622795,10.26137828
4,C,13,0.951056516,34,41.91947001,9.965974459
4,D,13,1,34,44.18271207,10.27057064
4,E,13,0.939692621,37,44.67928747,9.77516682
4,F,13,0.743144825,31,47.14252953,10.079763
4,G,13,0.994521895,32,43.37243826,10.78435918
4,H,13,0.994521895,33,37.63568032,10.28895536
4,A,14,0.99756405,33,40.86558905,10.29355154
4,B,14,0.927183855,41,40.39549778,10.69814772
4,C,14,0.970295726,43,39.25873984,11.0027439
4,D,14,1,55,31.55531523,10.50734008
4,E,14,0.978147601,42,42.21855729,10.21193626
4,F,14,0.994521895,32,45.64846602,10.41653244
4,G,14,0.990268069,40,39.57837475,10.62112862
4,H,14,0.994521895,68,41.44161681,10.2257248
4,A,15,0.961261696,39,48.23819221,10.63032098
4,B,15,0.970295726,26,43.16810094,9.734917165
4,C,15,0.984807753,29,41.031343,9.939513346
4,D,15,0.990268069,34,31.52791839,9.844109526
4,E,15,0.984807753,58,34.62449379,9.948705706
4,F,15,0.913545458,42,44.28773585,10.15330189
4,G,15,1,40,48.38431124,10.25789807
4,H,15,0.99756405,54,45.58088664,10.36249425
4,A,16,0.99756405,39,48.91079537,10.46709043
4,B,16,0.951056516,36,42.1407041,10.17168661
4,C,16,0.951056516,31,46.23727949,9.876282789
4,D,16,0.978147601,35,40.16718822,10.28087897
4,E,16,0.951056516,46,30.86376361,10.68547515
4,F,16,0.99756405,63,43.79367234,10.29007133
4,G,16,0.999390827,65,53.89024774,10.79466751
4,H,16,0.994521895,30,32.42015647,9.799263691
4,A,17,0.990268069,41,55.38339853,11.00385987
4,B,17,0.939692621,39,43.44664059,11.20845605
4,C,17,0.913545458,43.5,48.84321598,10.21305223
4,D,17,0.961261696,16,38.53979138,9.517648412
4,E,17,0.978147601,26,36.03636677,9.422244593
4,F,17,0.984807753,31,44.73294217,10.12684077
4,G,17,0.984807753,20,49.4628509,9.931436954
4,H,17,0.994521895,37,47.49275963,9.336033134
4,A,18,0.99756405,59,46.82266835,11.14062931
4,B,18,0.99756405,37,52.58591042,10.74522549
4,C,18,0.978147601,23,35.88248581,9.449821675
4,D,18,0.99756405,9,43.41239454,9.554417855
4,E,18,0.927183855,16.5,46.84230327,10.05901404
4,F,18,0.848048096,22,37.972212,9.063610216
4,G,18,0.939692621,22,49.10212072,9.668206397
4,H,18,0.984807753,14,37.96536279,9.272802577
4,A,19,0.939692621,37,46.66193818,11.57739876
4,B,19,0.898794046,22,43.39184691,10.68199494
4,C,19,0.984807753,29,43.55508897,9.686591118
4,D,19,0.990268069,18,44.35166437,9.291187299
4,E,19,0.961261696,28,47.28157309,10.39578348
4,F,19,0.939692621,34,46.31148182,10.70037966
4,G,19,0.984807753,34,50.17472388,11.00497584
4,H,19,0.994521895,17,48.10463261,10.80957202
4,A,20,0.984807753,42,40.23454134,10.5141682
4,B,20,0.984807753,29,58.8977834,10.81876438
4,C,20,0.927183855,36,45.12769213,10.02336056
4,D,20,0.951056516,22,42.85760086,9.927956742
4,E,20,0.99756405,27,39.42084292,11.53255292
4,F,20,0.984807753,48,42.18408498,11.5371491
4,G,20,0.866025404,35,44.31399371,11.04174528
4,H,20,1,28,55.91056911,11.04634146
2,A,1,-0.64278761,15,35.36666667,10.2
2,B,1,-1,12,37.16273201,8.305280718
2,C,1,-0.173648178,12,45.05879736,10.31056144
2,D,1,-1,18,34.18819604,10.41584215
2,E,1,-0.951056516,17,41.48426139,10.32112287
2,F,1,-0.788010754,11,39.11366007,9.72640359
2,G,1,-0.788010754,16,41.24305875,8.931684307
2,H,1,-0.173648178,23,50.10579077,8.436965025
2,A,2,-0.939692621,14,41.56852278,10.34224574
2,B,2,-0.766044443,16,44.19792146,10.44752646
2,C,2,-0.829037573,12,38.62732014,10.05280718
2,D,2,-0.978147601,15,25.19005216,8.058087897
2,E,2,-1,12,29.5861175,9.763368615
2,F,2,-0.866025404,16,40.71551618,9.268649333
2,G,2,-0.866025404,18,42.3782482,8.473930051
2,H,2,-0.743144825,29,42.34098021,8.379210769
2,A,3,0.743144825,15,32.40371223,8.084491486
2,B,3,-0.99756405,7,34.66644424,9.589772204
2,C,3,-0.469471563,16,39.22917625,9.195052922
2,D,3,-0.587785252,19,36.6252416,10.10033364
2,E,3,-0.99756405,22,39.55464028,8.905614358
2,F,3,-0.374606593,27,43.3173723,9.810895076
2,G,3,-0.766044443,10,46.58010431,10.01617579
2,H,3,-0.882947593,28,41.84283632,9.021456512
2,A,4,-0.927183855,24,34.77223501,9.82673723
2,B,4,-0.984807753,29,44.76830035,10.43201795
2,C,4,-0.788010754,24,47.5643657,9.937298665
2,D,4,0.241921896,38,43.46043105,10.74257938
2,E,4,-0.990268069,33,41.1564964,9.747860101
2,F,4,-0.961261696,24,50.35256174,8.853140819
2,G,4,-0.999390827,32,44.28196042,8.658421537
2,H,4,-0.788010754,16,47.7113591,9.163702255
2,A,5,-0.766044443,37,42.64075778,10.96898297
2,B,5,-0.69465837,36,34.83682313,11.37426369
2,C,5,-0.69465837,44,39.66622181,11.67954441
2,D,5,-0.939692621,23,35.06228716,10.98482513
2,E,5,-0.669130606,33,43.75835251,11.39010584
2,F,5,-0.984807753,33,49.65441786,11.59538656
2,G,5,-0.809016994,17,50.9504832,9.80066728
2,H,5,-0.669130606,27,51.27988188,9.605947998
2,A,6,-0.984807753,31,36.3426139,10.81122872
2,B,6,-0.866025404,32,34.40534591,11.01650943
2,C,6,-1,33,35.53474459,11.92179015
2,D,6,-0.866025404,36,44.86414327,11.32707087
2,E,6,-0.990268069,27,40.96020862,10.83235159
2,F,6,-0.970295726,36,46.9896073,10.43763231
2,G,6,-0.669130606,33,48.48567265,10.84291302
2,H,6,-0.374606593,40,42.41507133,10.84819374
2,A,7,0.034899497,41,37.31113668,10.45347446
2,B,7,0.939692621,35,34.50720202,11.05875518
2,C,7,0.939692621,24,38.33660071,11.1640359
2,D,7,0.173648178,21,29.79933272,11.36931661
2,E,7,-0.978147601,23,42.26206473,10.77459733
2,F,7,-0.984807753,29,36.49146341,11.27987805
2,G,7,-0.69465837,31,46.95419543,11.48515877
2,H,7,-0.999390827,30,43.85026078,11.79043948
2,A,8,0.615661475,41,41.77965946,9.795720202
2,B,8,-0.275637356,42,38.74239147,10.00100092
2,C,8,-0.766044443,17,39.57179015,10.10628164
2,D,8,-0.866025404,20,40.73452217,10.61156236
2,E,8,-0.999390827,26,42.03058751,10.31684307
2,F,8,-0.99756405,22,40.52665286,10.42212379
2,G,8,-0.990268069,27,50.68938487,10.92740451
2,H,8,-0.939692621,21,40.38545022,11.83268523
2,A,9,-0.342020143,24,45.14818224,10.33796595
2,B,9,0.766044443,25,44.27758092,10.94324666
2,C,9,0.994521895,19,41.5069796,10.94852738
2,D,9,0.438371147,24,45.73637828,10.8538081
2,E,9,-0.173648178,32,32.16577696,10.85908882
2,F,9,-0.743144825,42,48.02850897,10.96436954
2,G,9,-0.559192903,28,38.69124099,10.96965025
2,H,9,-0.939692621,29,41.48730634,11.37493097
2,A,10,-0.104528463,29,44.95003835,10.68021169
2,B,10,-0.913545458,32,48.3461037,11.48549241
2,C,10,6.12303176911189e-17,31,46.70883571,10.89077312
2,D,10,-0.939692621,34,44.10490106,11.09605384
2,E,10,-1,35,42.93429974,10.50133456
2,F,10,-0.990268069,42,48.49703175,11.10661528
2,G,10,-0.309016994,45,49.32643043,11.111896
2,H,10,-0.927183855,32,50.12249578,11.11717671
2,A,11,-0.469471563,25,55.85189446,10.42245743
2,B,11,0.173648178,38,54.71462648,10.32773815
2,C,11,0.5,36,50.27735849,11.53301887
2,D,11,-0.139173101,57,53.57342384,11.53829959
2,E,11,-0.207911691,60,46.16948919,11.6435803
2,F,11,-0.5,57,46.66555453,11.74886102
2,G,11,-0.848048096,53,52.06161988,11.35414174
2,H,11,-0.788010754,42,58.62435189,12.05942246
2,A,12,-0.961261696,35,39.78708391,11.06470318
2,B,12,-0.615661475,24,50.24981592,11.16998389
2,C,12,-0.139173101,57,54.14588127,11.37526461
2,D,12,-0.766044443,47,46.00861328,11.68054533
2,E,12,-0.939692621,53,46.1713453,11.78582605
2,F,12,0.5,49,44.20074398,11.89110676
2,G,12,-0.241921896,49,42.06347599,12.09638748
2,H,12,-0.939692621,44,45.12620801,12.1016682
2,A,13,-0.615661475,48,40.55560669,11.30694892
2,B,13,-0.7193398,39,47.78500537,12.01222964
2,C,13,-0.342020143,47,41.84773738,11.91751035
2,D,13,-0.139173101,50,40.7104694,11.42279107
2,E,13,-0.69465837,54,45.63986808,10.82807179
2,F,13,-0.559192903,60,44.16926676,10.63335251
2,G,13,0.866025404,53,35.96533211,11.53863323
2,H,13,0.866025404,46,40.02806412,10.84391394
2,A,14,-0.848048096,52,31.0574628,11.74919466
2,B,14,-0.939692621,52,41.25352815,11.85447538
2,C,14,-0.669130606,52,42.01626016,12.0597561
2,D,14,-0.970295726,47,34.61232551,11.76503682
2,E,14,-0.866025404,54,34.00839086,11.57031753
2,F,14,-0.978147601,44,40.33778954,11.87559825
2,G,14,-0.809016994,35,39.70052155,12.18087897
2,H,14,-0.173648178,46,36.22992023,11.38615969
2,A,15,-0.990268069,53,37.05931891,11.4914404
2,B,15,-0.866025404,55,50.78871759,11.69672112
2,C,15,-0.64278761,47,40.48478294,11.90200184
2,D,15,-0.559192903,47,36.34751496,12.10728256
2,E,15,-0.848048096,32,37.71024697,11.91256328
2,F,15,-0.034899497,42,44.57297898,12.01784399
2,G,15,6.12303176911189e-17,56,37.20237767,11.92312471
2,H,15,6.12303176911189e-17,52,47.53177635,11.82840543
2,A,16,-0.5,51,33.86117503,11.43368615
2,B,16,-0.939692621,42,42.09057371,11.03896687
2,C,16,-0.984807753,51,39.48663906,11.44424758
2,D,16,-0.984807753,47,41.24937107,11.5495283
2,E,16,-0.999390827,43,42.11210308,11.25480902
2,F,16,-0.766044443,55,44.40816843,10.86008974
2,G,16,-0.139173101,54,48.33756711,11.16537046
2,H,16,-0.173648178,48,38.80029913,11.67065117
2,A,17,-0.766044443,31,32.09636447,12.17593189
2,B,17,-0.64278761,48,34.52576315,11.58121261
2,C,17,-0.951056516,46,39.3218285,11.58649333
2,D,17,-0.994521895,48,44.68456052,11.59177405
2,E,17,-0.951056516,48,42.88062586,11.49705476
2,F,17,-0.882947593,54,44.97669121,11.20233548
2,G,17,-0.5,61,36.97275656,11.4076162
2,H,17,-0.469471563,59,40.43548857,11.81289692
2,A,18,-0.64278761,43,36.63155392,11.51817763
2,B,18,-0.970295726,53,32.39428593,11.22345835
2,C,18,-0.994521895,37,32.65701795,11.42873907
2,D,18,-0.927183855,42,36.28641663,11.53401979
2,E,18,-0.970295726,53,40.24914864,11.43930051
2,F,18,-0.984807753,58,47.11188066,11.24458122
2,G,18,-0.809016994,53,41.007946,11.64986194
2,H,18,-0.374606593,65,35.97067802,11.95514266
2,A,19,-0.587785252,47,34.8000767,12.06042338
2,B,19,-0.469471563,49,36.29614205,12.3657041
2,C,19,-0.69465837,38.5,37.09220739,12.37098481
2,D,19,-0.64278761,42,39.75493941,12.17626553
2,E,19,-0.882947593,54,34.28433809,11.78154625
2,F,19,-0.961261696,51,53.1470701,11.78682697
2,G,19,-0.64278761,39,41.47646878,11.69210769
2,H,19,-0.64278761,37,37.60586746,11.9973884
2,A,20,-1,52,39.03526615,11.70266912
2,B,20,-0.984807753,45,35.26466483,12.00794984
2,C,20,-0.69465837,59,39.52739684,11.81323056
2,D,20,-0.984807753,43,36.55679552,12.01851127
2,E,20,-0.994521895,61,39.85286087,11.92379199
2,F,20,-0.999390827,45,42.44892622,11.92907271
2,G,20,-0.766044443,29,47.6783249,11.93435343
2,H,20,-0.469471563,47,35.74105691,11.93963415
1,A,1,-0.309016994,24,31.40487805,12.73292683
1,B,1,0.913545458,8,29.60043335,10.63889208
1,C,1,0.669130606,38,38.76265532,11.94485734
1,D,1,-0.275637356,24,34.65821062,12.1508226
1,E,1,-0.275637356,31,40.22043258,10.95678785
1,F,1,-0.241921896,35,36.54932121,10.46275311
1,G,1,-0.69465837,36,28.57820985,10.46871836
1,H,1,-0.342020143,32,34.34043181,10.97468362
1,A,2,-0.615661475,24,46.93598711,13.98064887
1,B,2,-0.342020143,19,40.36487575,12.58661413
1,C,2,0.034899497,33,42.19376438,11.19257938
1,D,2,-0.529919264,39,38.08931968,10.59854464
1,E,2,-0.64278761,46,34.78487498,10.80450989
1,F,2,-0.829037573,49,38.78043028,10.81047515
1,G,2,6.12303176911189e-17,38,40.24265225,10.1164404
1,H,2,-0.898794046,54,45.23820755,11.92240566
1,A,3,-0.615661475,26,46.73376285,14.22837092
1,B,3,-0.7193398,44,46.39598481,13.23433617
1,C,3,-0.034899497,24,40.02487345,12.04030143
1,D,3,6.12303176911189e-17,30,36.25376208,11.14626668
1,E,3,0.406736643,45,32.64931738,11.05223194
1,F,3,-0.809016994,24,28.17820601,11.15819719
1,G,3,6.12303176911189e-17,29,40.47376131,10.46416245
1,H,3,-0.898794046,34,42.93598328,10.9701277
1,A,4,-0.848048096,61,35.56487191,13.07609296
1,B,4,-0.69465837,53,45.36042721,13.48205821
1,C,4,-0.669130606,51,41.28931585,14.08802347
1,D,4,-0.309016994,18,27.61820448,10.69398873
1,E,4,-0.374606593,37,28.34709311,10.49995398
1,F,4,-0.587785252,31,31.77598175,10.50591924
1,G,4,-0.309016994,27,47.13820371,10.51188449
1,H,4,0.939692621,12,45.36709235,10.91784975
1,A,5,0.809016994,44,31.42931431,12.423815
1,B,5,-0.970295726,49,27.82486961,12.82978026
1,C,5,-0.139173101,36,34.22042491,11.73574551
1,D,5,-0.5,19,34.51598021,11.04171077
1,E,5,0.5,20,26.51153551,12.04767602
1,F,5,-0.64278761,31,32.74042414,13.05364128
1,G,5,-0.809016994,34,33.23597944,12.05960653
1,H,5,-0.615661475,44,38.13153474,11.56557179
1,A,6,-0.99756405,24.5,36.92709004,10.97153705
1,B,6,-0.866025404,7.5,41.52264534,10.6775023
1,C,6,-0.469471563,11,26.31820064,10.68346756
1,D,6,-0.766044443,9,28.28042261,10.78943281
1,E,6,-0.990268069,13,31.04264458,10.79539807
1,F,6,0.559192903,18,31.23819988,10.80136332
1,G,6,0.342020143,43,30.73375518,10.70732858
1,H,6,0.866025404,46,23.02931048,11.01329383
1,A,7,-1,29,32.52486578,11.31925909
1,B,7,-0.241921896,9,33.98708774,11.12522434
1,C,7,6.12303176911189e-17,2,#VALUE!,#VALUE!
1,D,7,-0.743144825,21,28.41153168,12.73715486
1,E,7,-0.275637356,18,35.10708698,12.44312011
1,F,7,0.7193398,20,35.93597561,12.54908537
1,G,7,0.927183855,34,30.83153091,11.55505062
1,H,7,-0.173648178,31,30.49375288,11.96101588
1,A,8,-0.766044443,35,36.25597484,11.86698113
1,B,8,-0.104528463,16,9.551530143,12.47294639
1,C,8,-0.139173101,20,#VALUE!,#VALUE!
1,D,8,-0.374606593,19,21.50930741,12.3848769
1,E,8,-0.342020143,9,29.93819604,11.49084215
1,F,8,-0.034899497,14,35.73375134,11.19680741
1,G,8,1,14,23.62930664,11.00277266
1,H,8,1,15,24.22486194,12.20873792
1,A,9,-0.342020143,4.5,18.22041724,11.91470318
1,B,9,0.173648178,21,32.61597254,11.22066843
1,C,9,6.12303176911189e-17,10,35.41152784,11.42663369
1,D,9,0.173648178,42,34.07374981,11.83259894
1,E,9,0.342020143,10,18.66930511,11.1385642
1,F,9,0.898794046,10,#VALUE!,#VALUE!
1,G,9,0.587785252,NA,11.12708237,11.15049471
1,H,9,0.939692621,33,26.65597101,12.45645996
1,A,10,-0.309016994,20,45.98485964,12.86242522
1,B,10,-0.309016994,17,46.01374827,12.36839047
1,C,10,-0.342020143,14,42.54263691,11.27435573
1,D,10,-0.5,46,43.87152554,11.48032098
1,E,10,-0.64278761,22,36.16708084,11.68628624
1,F,10,-0.587785252,18,37.42930281,11.4922515
1,G,10,0.951056516,8,24.69152477,11.29821675
1,H,10,0.927183855,3,25.35374674,11.50418201
1,A,11,-0.342020143,41,44.98263537,13.41014726
1,B,11,-0.951056516,30,45.44485734,12.31611252
1,C,11,0.139173101,33,40.87374597,11.72207777
1,D,11,0.139173101,40,32.83596794,11.52804303
1,E,11,-0.669130606,42,42.63152324,12.23400828
1,F,11,-0.309016994,27,42.82707854,13.03997354
1,G,11,-0.034899497,36,42.32263384,12.74593879
1,H,11,0.5,19,26.78485581,11.05190405
1,A,12,-0.743144825,45,39.78041111,12.55786931
1,B,12,-0.866025404,35,41.67596641,12.06383456
1,C,12,-0.406736643,26,43.47152171,14.36979982
1,D,12,-0.374606593,23,42.46707701,11.97576507
1,E,12,-0.342020143,28,41.66263231,12.28173033
1,F,12,-0.469471563,38,43.42485427,13.08769558
1,G,12,-0.207911691,46,30.82040957,13.09366084
1,H,12,-0.104528463,42,39.61596487,13.19962609
1,A,13,-0.241921896,38,32.44485351,13.90559135
1,B,13,-0.173648178,34,36.57374214,14.7115566
1,C,13,-0.529919264,53,39.30263077,13.51752186
1,D,13,-0.469471563,47,29.66485274,13.82348711
1,E,13,0.275637356,34,45.06040804,13.82945237
1,F,13,-0.173648178,45,36.32263,13.63541763
1,G,13,-0.529919264,43,32.4181853,14.34138288
1,H,13,0.173648178,42,40.28040727,12.44734814
1,A,14,-0.529919264,36,32.77596257,12.75331339
1,B,14,-0.69465837,39,33.57151787,13.15927865
1,C,14,-0.669130606,51,39.63373984,13.1652439
1,D,14,-0.207911691,47,37.86262847,13.57120916
1,E,14,-0.743144825,35,33.65818377,13.27717441
1,F,14,-0.342020143,39,25.9870724,13.08313967
1,G,14,-0.469471563,38,35.81596104,13.58910492
1,H,14,-0.173648178,50,34.678183,13.79507018
1,A,15,-0.469471563,35,38.10707164,12.50103543
1,B,15,-0.275637356,34,41.70262694,12.00700069
1,C,15,-0.309016994,48,37.29818224,12.01296595
1,D,15,-0.406736643,51,44.3604042,12.0189312
1,E,15,-0.173648178,49,37.52262617,12.82489646
1,F,15,-0.241921896,40,40.08484814,13.43086171
1,G,15,-0.342020143,44,41.21373677,14.43682697
1,H,15,-0.469471563,33,28.57595874,14.04279222
1,A,16,-1,40,45.77151404,13.94875748
1,B,16,-0.999390827,33,48.40040267,13.75472273
1,C,16,0.848048096,37,45.46262464,12.46068799
1,D,16,-0.939692621,39,44.7248466,13.16665324
1,E,16,-0.848048096,36,34.78706857,12.8726185
1,F,16,-0.766044443,37,42.3159572,13.77858376
1,G,16,-0.529919264,47,42.47817917,13.98454901
1,H,16,-0.469471563,32,37.24040114,13.49051427
1,A,17,-0.559192903,30,38.5026231,13.99647952
1,B,17,-0.766044443,38,44.76484507,14.20244478
1,C,17,-0.173648178,38,45.5937337,13.70841003
1,D,17,-0.69465837,44,43.12262233,13.71437529
1,E,17,-0.559192903,33,52.7848443,13.52034054
1,F,17,-0.309016994,46,47.31373293,13.6263058
1,G,17,0.034899497,37,43.90928823,13.63227105
1,H,17,-0.139173101,49,38.03817687,13.83823631
1,A,18,-0.5,44,42.10039883,14.74420156
1,B,18,-0.241921896,45,37.1626208,15.15016682
1,C,18,-0.374606593,43,31.32484277,14.55613208
1,D,18,-0.809016994,30,38.32039807,14.16209733
1,E,18,-0.64278761,40,42.2492867,13.36806259
1,F,18,-0.374606593,51,44.37817533,12.87402784
1,G,18,-0.173648178,34,41.2403973,14.0799931
1,H,18,0.069756474,43,40.60261927,13.98595835
1,A,19,-0.173648178,45,32.39817457,14.79192361
1,B,19,-0.342020143,38,46.3270632,14.29788886
1,C,19,-0.469471563,54,44.0226185,14.10385412
1,D,19,-0.342020143,49,22.4181738,14.10981937
1,E,19,-0.743144825,51,34.7137291,14.01578463
1,F,19,-0.5,37,48.1092844,14.12174988
1,G,19,0.034899497,47,47.1048397,13.42771514
1,H,19,1,26,37.900395,13.0336804
1,A,20,-0.342020143,45,47.2959503,13.53964565
1,B,20,-0.766044443,47,31.35817227,13.74561091
1,C,20,-0.529919264,49,38.75372757,13.65157616
1,D,20,-0.927183855,43,39.54928287,13.95754142
1,E,20,-0.438371147,31,36.7781715,14.56350667
1,F,20,-0.927183855,57,45.14039347,14.36947193
1,G,20,-0.374606593,49,41.1692821,13.97543718
1,H,20,0.743144825,30,30.53150407,12.78140244
5,A,1,-0.999390827,25,62.17682927,10.13109756
5,B,1,-0.866025404,44,42.7067594,11.33566502
5,C,1,-0.438371147,38,34.03668953,11.14023247
5,D,1,-0.829037573,43,29.63328633,11.84479992
5,E,1,0.406736643,16,24.02988313,11.54936738
5,F,1,0.587785252,11,37.15981326,8.753934832
5,G,1,-0.173648178,15,47.28974339,9.358502287
5,H,1,-1,15,51.18634019,9.363069741
5,A,2,-0.984807753,27,60.71627033,10.6676372
5,B,2,-0.984807753,38,41.87953379,11.37220465
5,C,2,-0.999390827,45,32.04279726,9.576772104
5,D,2,-0.984807753,32,24.03939405,10.08133956
5,E,2,0.64278761,32,22.56932419,9.885907012
5,F,2,0.342020143,16,29.26592099,9.190474466
5,G,2,-0.866025404,16,45.26251778,9.495041921
5,H,2,-0.898794046,21,55.25911458,8.999609375
5,A,3,-0.939692621,26,59.05571138,9.704176829
5,B,3,-0.978147601,43,44.95230818,11.40874428
5,C,3,-0.766044443,52,22.21557165,12.01331174
5,D,3,0.766044443,40,15.31216845,11.31787919
5,E,3,0.829037573,12,17.77543191,10.02244665
5,F,3,0.615661475,3,34.30536204,9.427014101
5,G,3,0.034899497,19,43.96862551,9.331581555
5,H,3,-0.342020143,19,47.53188897,9.736149009
5,A,4,-1,38,38.06181911,10.94071646
5,B,4,-0.999390827,45,30.0584159,10.74528392
5,C,4,-0.978147601,51,32.1550127,11.04985137
5,D,4,-0.913545458,34,21.01827617,10.75441883
5,E,4,0.615661475,21,18.11487297,9.65898628
5,F,4,0.034899497,4,31.97813643,10.26355373
5,G,4,-0.99756405,17,42.60806657,11.06812119
5,H,4,-0.559192903,24,37.37133003,10.57268864
5,A,5,-0.939692621,36,35.56792683,11.0772561
5,B,5,-1,34,35.26452363,11.38182355
5,C,5,-0.809016994,37,22.96112043,11.28639101
5,D,5,-0.999390827,36,19.69105056,11.79095846
5,E,5,0.69465837,30,24.75431402,10.39552591
5,F,5,0.615661475,2,27.68424416,9.700093369
5,G,5,-0.5,25,23.28084096,9.904660823
5,H,5,-0.241921896,26,29.34410442,9.109228277
5,A,6,-0.984807753,39,34.87403455,12.01379573
5,B,6,-0.994521895,39,26.23729802,11.21836319
5,C,6,-0.984807753,43,22.40056148,11.02293064
5,D,6,0.848048096,33,23.63049162,10.82749809
5,E,6,0.978147601,34,20.66042175,10.23206555
5,F,6,0.309016994,18,20.65701855,9.836633003
5,G,6,-0.978147601,31,22.75361535,8.841200457
5,H,6,-0.374606593,16,34.68354548,9.645767912
5,A,7,-1,38,33.71347561,10.75033537
5,B,7,-0.999390827,49,20.47673908,11.15490282
5,C,7,-0.970295726,42,19.97333587,11.25947027
5,D,7,0.529919264,35,13.43659934,10.46403773
5,E,7,0.766044443,29,25.86652947,10.26860518
5,F,7,0.034899497,37,30.92979294,10.07317264
5,G,7,-0.927183855,40,24.35972307,10.07774009
5,H,7,0.139173101,27,36.15631987,9.582307546
5,A,8,-0.984807753,45,34.51958333,10.986875
5,B,8,-0.978147601,33,38.11618013,11.59144245
5,C,8,-0.898794046,33,20.5794436,10.69600991
5,D,8,0.559192903,28,19.7760404,9.500577363
5,E,8,-0.374606593,19,21.73930386,9.405144817
5,F,8,-0.788010754,41,30.56923399,9.509712271
5,G,8,-1,38,24.99916413,10.91427973
5,H,8,0.5,34,28.46242759,9.71884718
5,A,9,-0.766044443,44,27.29235772,11.12341463
5,B,9,-0.866025404,53,21.08895452,11.12798209
5,C,9,-0.951056516,44,23.98555132,11.63254954
5,D,9,0.882947593,27,19.08214812,10.437117
5,E,9,0.64278761,25.5,28.07874492,10.34168445
5,F,9,-0.529919264,38,31.50867505,12.24625191
5,G,9,-0.342020143,36,34.07193852,11.45081936
5,H,9,-0.5,28,39.53520198,11.15538681
5,A,10,-0.927183855,44,21.39846545,11.65995427
5,B,10,-0.999390827,49,18.02839558,11.16452172
5,C,10,-0.951056516,44,16.62499238,10.96908918
5,D,10,0.669130606,44,16.95492251,10.57365663
5,E,10,-0.529919264,43,27.61818598,10.77822409
5,F,10,-0.999390827,36,36.11478277,12.18279154
5,G,10,0.939692621,43,39.87804624,11.88735899
5,H,10,-0.978147601,53,33.14130971,11.59192645
5,A,11,-0.970295726,40,35.9379065,11.2964939
5,B,11,-0.5,39,23.96783664,11.10106136
5,C,11,0.913545458,41,22.6311001,11.70562881
5,D,11,0.64278761,37,29.3276969,11.91019627
5,E,11,-0.374606593,27,31.79096037,11.31476372
5,F,11,-0.898794046,45,31.48755716,11.61933117
5,G,11,-0.809016994,45,27.2174873,11.62389863
5,H,11,-0.978147601,59,20.18075076,11.62846608
5,A,12,0.173648178,34,28.34401423,11.23303354
5,B,12,-0.104528463,33,39.80727769,11.23760099
5,C,12,-0.994521895,36,29.67054116,11.94216845
5,D,12,-0.984807753,41,30.63380462,11.5467359
5,E,12,-0.788010754,35,38.29706809,11.75130335
5,F,12,-0.984807753,43,29.66033155,11.15587081
5,G,12,-0.978147601,46,28.12359502,11.36043826
5,H,12,-0.984807753,49,26.18685849,11.36500572
5,A,13,0.64278761,40,33.05012195,10.76957317
5,B,13,-1.84E-16,21,37.61338542,11.07414063
5,C,13,-0.990268069,31,32.57664888,11.67870808
5,D,13,-0.64278761,29,35.27324568,11.58327553
5,E,13,-0.69465837,24,36.00317581,11.98784299
5,F,13,-0.866025404,40,30.39977261,12.19241044
5,G,13,-0.939692621,39,28.32970274,12.3969779
5,H,13,-0.984807753,40,18.79296621,11.00154535
5,A,14,-0.342020143,35,21.75622967,10.3061128
5,B,14,-0.587785252,29,37.45282647,10.11068026
5,C,14,-0.970295726,51,36.41608994,11.71524771
5,D,14,-0.984807753,28,30.91268674,12.41981517
5,E,14,-0.939692621,35.5,24.6759502,12.12438262
5,F,14,-0.951056516,36,29.43921367,11.72895008
5,G,14,-0.984807753,30,17.83581047,10.73351753
5,H,14,-0.984807753,38,29.73240727,10.13808498
5,A,15,0.438371147,44,28.59567073,11.04265244
5,B,15,-0.406736643,39,31.49226753,11.44721989
5,C,15,-0.866025404,40,20.88886433,11.65178735
5,D,15,-0.374606593,36,30.55212779,11.3563548
5,E,15,-0.866025404,44,21.38205793,10.96092226
5,F,15,-0.559192903,29,31.44532139,11.76548971
5,G,15,-0.5,33,25.80858486,12.07005716
5,H,15,-0.866025404,36,26.23851499,11.67462462
5,A,16,-0.529919264,36,29.56844512,10.87919207
5,B,16,-0.882947593,28,33.33170859,11.68375953
5,C,16,-0.999390827,37,32.32830539,11.88832698
5,D,16,-0.990268069,44,18.89156885,12.29289444
5,E,16,-1,48,22.32149898,12.39746189
5,F,16,-0.898794046,38,31.18476245,12.40202934
5,G,16,-0.809016994,40,29.01469258,11.3065968
5,H,16,0.342020143,42,21.01128938,11.41116425
5,A,17,-0.951056516,29,29.04121951,11.51573171
5,B,17,-0.829037573,30,30.87114964,10.42029916
5,C,17,-0.866025404,35,26.40107978,11.82486662
5,D,17,-0.970295726,36,31.93100991,11.82943407
5,E,17,-0.829037573,39,21.66094004,11.73400152
5,F,17,-0.866025404,44,19.52420351,12.03856898
5,G,17,-0.939692621,47,22.1208003,11.84313643
5,H,17,0.309016994,25,25.48406377,11.74770389
5,A,18,-0.998629535,28,30.6139939,11.55227134
5,B,18,-0.984807753,38,18.37725737,12.3568388
5,C,18,-0.994521895,39,20.47385417,11.76140625
5,D,18,-0.999390827,29,21.93711763,12.1659737
5,E,18,-0.999390827,33,21.46704776,11.97054116
5,F,18,-0.984807753,38,16.6969779,11.47510861
5,G,18,-0.984807753,35,25.8935747,11.47967607
5,H,18,-0.939692621,32,26.69017149,10.78424352
5,A,19,-0.866025404,37,24.42010163,11.88881098
5,B,19,-0.829037573,35,21.35003176,11.89337843
5,C,19,-0.64278761,39,24.07996189,11.89794588
5,D,19,-0.939692621,40,23.54322536,12.00251334
5,E,19,-0.882947593,35,28.27315549,11.90708079
5,F,19,-0.5,33,23.73641895,12.21164825
5,G,19,-0.809016994,37,20.22634909,12.3162157
5,H,19,-0.64278761,33,25.06294588,12.52078316
5,A,20,-0.275637356,25,22.72620935,11.52535061
5,B,20,-0.927183855,31,26.85613948,11.82991806
5,C,20,-0.984807753,40,18.15273628,12.13448552
5,D,20,-0.984807753,47,20.11599975,12.63905297
5,E,20,-0.984807753,30,24.31259654,12.04362043
5,F,20,-0.984807753,26,27.30919334,11.94818788
5,G,20,-0.999390827,31,25.13912348,11.25275534
5,H,20,-0.994521895,32,21.86565041,12.26189024
